Date,Dawn,Sunrise,Noon,Sunset,Dusk
2019-01-01,07:39:52,08:10:38,12:53:02,17:35:57,18:06:44
2019-01-02,07:40:01,08:10:46,12:53:30,17:36:47,18:07:31
2019-01-03,07:40:09,08:10:51,12:53:58,17:37:37,18:08:20
2019-01-04,07:40:14,08:10:54,12:54:26,17:38:30,18:09:10
2019-01-05,07:40:18,08:10:55,12:54:53,17:39:24,18:10:02
2019-01-06,07:40:19,08:10:54,12:55:20,17:40:19,18:10:54
2019-01-07,07:40:18,08:10:51,12:55:46,17:41:15,18:11:48
2019-01-08,07:40:16,08:10:45,12:56:12,17:42:12,18:12:43
2019-01-09,07:40:11,08:10:38,12:56:37,17:43:11,18:13:39
2019-01-10,07:40:04,08:10:28,12:57:02,17:44:11,18:14:35
2019-01-11,07:39:55,08:10:16,12:57:27,17:45:12,18:15:33
2019-01-12,07:39:44,08:10:02,12:57:50,17:46:14,18:16:32
2019-01-13,07:39:31,08:09:45,12:58:14,17:47:17,18:17:31
2019-01-14,07:39:16,08:09:27,12:58:36,17:48:20,18:18:32
2019-01-15,07:38:59,08:09:06,12:58:58,17:49:25,18:19:33
2019-01-16,07:38:40,08:08:43,12:59:19,17:50:30,18:20:34
2019-01-17,07:38:19,08:08:18,12:59:40,17:51:36,18:21:37
2019-01-18,07:37:56,08:07:52,13:00:00,17:52:43,18:22:40
2019-01-19,07:37:31,08:07:23,13:00:19,17:53:51,18:23:43
2019-01-20,07:37:03,08:06:51,13:00:37,17:54:59,18:24:47
2019-01-21,07:36:34,08:06:18,13:00:55,17:56:07,18:25:52
2019-01-22,07:36:03,08:05:43,13:01:12,17:57:16,18:26:57
2019-01-23,07:35:30,08:05:06,13:01:28,17:58:25,18:28:02
2019-01-24,07:34:55,08:04:27,13:01:44,17:59:35,18:29:08
2019-01-25,07:34:18,08:03:46,13:01:59,18:00:45,18:30:14
2019-01-26,07:33:40,08:03:04,13:02:12,18:01:56,18:31:21
2019-01-27,07:32:59,08:02:19,13:02:26,18:03:06,18:32:27
2019-01-28,07:32:17,08:01:32,13:02:38,18:04:17,18:33:34
2019-01-29,07:31:33,08:00:44,13:02:49,18:05:28,18:34:41
2019-01-30,07:30:47,07:59:54,13:03:00,18:06:40,18:35:48
2019-01-31,07:29:59,07:59:02,13:03:10,18:07:51,18:36:55
2019-02-01,07:29:09,07:58:09,13:03:19,18:09:02,18:38:03
2019-02-02,07:28:18,07:57:13,13:03:27,18:10:14,18:39:10
2019-02-03,07:27:25,07:56:16,13:03:34,18:11:25,18:40:17
2019-02-04,07:26:31,07:55:18,13:03:41,18:12:36,18:41:25
2019-02-05,07:25:35,07:54:18,13:03:47,18:13:48,18:42:32
2019-02-06,07:24:37,07:53:16,13:03:52,18:14:59,18:43:40
2019-02-07,07:23:37,07:52:13,13:03:56,18:16:10,18:44:47
2019-02-08,07:22:37,07:51:08,13:03:59,18:17:21,18:45:54
2019-02-09,07:21:34,07:50:02,13:04:01,18:18:32,18:47:01
2019-02-10,07:20:30,07:48:55,13:04:03,18:19:42,18:48:08
2019-02-11,07:19:25,07:47:46,13:04:04,18:20:53,18:49:15
2019-02-12,07:18:18,07:46:35,13:04:04,18:22:03,18:50:22
2019-02-13,07:17:10,07:45:24,13:04:03,18:23:13,18:51:28
2019-02-14,07:16:01,07:44:11,13:04:02,18:24:23,18:52:35
2019-02-15,07:14:50,07:42:57,13:04:00,18:25:32,18:53:41
2019-02-16,07:13:38,07:41:41,13:03:57,18:26:42,18:54:47
2019-02-17,07:12:24,07:40:25,13:03:53,18:27:50,18:55:53
2019-02-18,07:11:10,07:39:07,13:03:49,18:28:59,18:56:59
2019-02-19,07:09:54,07:37:49,13:03:44,18:30:07,18:58:04
2019-02-20,07:08:37,07:36:29,13:03:38,18:31:16,18:59:09
2019-02-21,07:07:19,07:35:08,13:03:32,18:32:23,19:00:14
2019-02-22,07:06:00,07:33:46,13:03:25,18:33:31,19:01:19
2019-02-23,07:04:40,07:32:23,13:03:17,18:34:38,19:02:24
2019-02-24,07:03:18,07:31:00,13:03:09,18:35:45,19:03:28
2019-02-25,07:01:56,07:29:35,13:03:00,18:36:51,19:04:33
2019-02-26,07:00:33,07:28:10,13:02:50,18:37:57,19:05:37
2019-02-27,06:59:09,07:26:43,13:02:40,18:39:03,19:06:41
2019-02-28,06:57:44,07:25:16,13:02:30,18:40:09,19:07:44
2019-03-01,06:56:18,07:23:49,13:02:18,18:41:14,19:08:48
2019-03-02,06:54:51,07:22:20,13:02:07,18:42:19,19:09:51
2019-03-03,06:53:23,07:20:51,13:01:55,18:43:24,19:10:54
2019-03-04,06:51:55,07:19:21,13:01:42,18:44:28,19:11:57
2019-03-05,06:50:26,07:17:50,13:01:29,18:45:32,19:13:00
2019-03-06,06:48:56,07:16:19,13:01:15,18:46:36,19:14:02
2019-03-07,06:47:26,07:14:48,13:01:01,18:47:40,19:15:05
2019-03-08,06:45:54,07:13:16,13:00:47,18:48:43,19:16:07
2019-03-09,06:44:23,07:11:43,13:00:32,18:49:46,19:17:09
2019-03-10,06:42:50,07:10:10,13:00:17,18:50:49,19:18:11
2019-03-11,06:41:17,07:08:36,13:00:02,18:51:51,19:19:13
2019-03-12,06:39:44,07:07:02,12:59:46,18:52:53,19:20:15
2019-03-13,06:38:10,07:05:28,12:59:30,18:53:55,19:21:17
2019-03-14,06:36:36,07:03:54,12:59:13,18:54:57,19:22:19
2019-03-15,06:35:01,07:02:19,12:58:57,18:55:59,19:23:20
2019-03-16,06:33:26,07:00:44,12:58:40,18:57:00,19:24:22
2019-03-17,06:31:50,06:59:08,12:58:23,18:58:02,19:25:23
2019-03-18,06:30:14,06:57:32,12:58:05,18:59:03,19:26:25
2019-03-19,06:28:38,06:55:57,12:57:48,19:00:04,19:27:26
2019-03-20,06:27:02,06:54:21,12:57:30,19:01:04,19:28:27
2019-03-21,06:25:25,06:52:45,12:57:13,19:02:05,19:29:29
2019-03-22,06:23:48,06:51:09,12:56:55,19:03:05,19:30:30
2019-03-23,06:22:11,06:49:32,12:56:37,19:04:06,19:31:32
2019-03-24,06:20:33,06:47:56,12:56:19,19:05:06,19:32:33
2019-03-25,06:18:56,06:46:20,12:56:01,19:06:06,19:33:34
2019-03-26,06:17:18,06:44:44,12:55:43,19:07:06,19:34:36
2019-03-27,06:15:41,06:43:08,12:55:25,19:08:06,19:35:37
2019-03-28,06:14:03,06:41:32,12:55:06,19:09:06,19:36:39
2019-03-29,06:12:26,06:39:56,12:54:48,19:10:06,19:37:41
2019-03-30,06:10:48,06:38:20,12:54:30,19:11:06,19:38:42
2019-03-31,06:09:10,06:36:45,12:54:12,19:12:05,19:39:44
2019-04-01,06:07:33,06:35:09,12:53:54,19:13:05,19:40:46
2019-04-02,06:05:56,06:33:34,12:53:37,19:14:05,19:41:48
2019-04-03,06:04:18,06:31:59,12:53:19,19:15:04,19:42:50
2019-04-04,06:02:41,06:30:25,12:53:01,19:16:04,19:43:53
2019-04-05,06:01:05,06:28:51,12:52:44,19:17:04,19:44:55
2019-04-06,05:59:28,06:27:17,12:52:27,19:18:03,19:45:57
2019-04-07,05:57:52,06:25:44,12:52:10,19:19:03,19:47:00
2019-04-08,05:56:16,06:24:11,12:51:53,19:20:02,19:48:03
2019-04-09,05:54:40,06:22:38,12:51:37,19:21:02,19:49:06
2019-04-10,05:53:05,06:21:06,12:51:20,19:22:02,19:50:09
2019-04-11,05:51:30,06:19:34,12:51:04,19:23:01,19:51:12
2019-04-12,05:49:55,06:18:03,12:50:48,19:24:01,19:52:15
2019-04-13,05:48:21,06:16:33,12:50:33,19:25:01,19:53:18
2019-04-14,05:46:47,06:15:03,12:50:18,19:26:01,19:54:22
2019-04-15,05:45:14,06:13:34,12:50:03,19:27:00,19:55:26
2019-04-16,05:43:42,06:12:05,12:49:48,19:28:00,19:56:30
2019-04-17,05:42:10,06:10:38,12:49:34,19:29:00,19:57:34
2019-04-18,05:40:39,06:09:10,12:49:21,19:30:00,19:58:38
2019-04-19,05:39:08,06:07:44,12:49:07,19:31:00,19:59:42
2019-04-20,05:37:38,06:06:19,12:48:54,19:32:00,20:00:46
2019-04-21,05:36:09,06:04:54,12:48:42,19:32:59,20:01:51
2019-04-22,05:34:40,06:03:30,12:48:30,19:33:59,20:02:55
2019-04-23,05:33:12,06:02:07,12:48:18,19:34:59,20:04:00
2019-04-24,05:31:45,06:00:45,12:48:07,19:35:59,20:05:05
2019-04-25,05:30:19,05:59:24,12:47:56,19:36:59,20:06:10
2019-04-26,05:28:54,05:58:03,12:47:46,19:37:59,20:07:14
2019-04-27,05:27:30,05:56:44,12:47:36,19:38:59,20:08:19
2019-04-28,05:26:07,05:55:26,12:47:27,19:39:58,20:09:24
2019-04-29,05:24:44,05:54:09,12:47:18,19:40:58,20:10:29
2019-04-30,05:23:23,05:52:53,12:47:09,19:41:58,20:11:34
2019-05-01,05:22:03,05:51:38,12:47:02,19:42:57,20:12:39
2019-05-02,05:20:44,05:50:24,12:46:54,19:43:57,20:13:44
2019-05-03,05:19:26,05:49:12,12:46:48,19:44:56,20:14:49
2019-05-04,05:18:09,05:48:01,12:46:42,19:45:55,20:15:54
2019-05-05,05:16:53,05:46:50,12:46:36,19:46:54,20:16:58
2019-05-06,05:15:39,05:45:42,12:46:31,19:47:53,20:18:03
2019-05-07,05:14:26,05:44:34,12:46:26,19:48:52,20:19:07
2019-05-08,05:13:14,05:43:28,12:46:23,19:49:50,20:20:11
2019-05-09,05:12:03,05:42:23,12:46:19,19:50:48,20:21:15
2019-05-10,05:10:54,05:41:20,12:46:16,19:51:46,20:22:18
2019-05-11,05:09:47,05:40:18,12:46:14,19:52:43,20:23:22
2019-05-12,05:08:40,05:39:18,12:46:13,19:53:41,20:24:24
2019-05-13,05:07:36,05:38:19,12:46:12,19:54:38,20:25:27
2019-05-14,05:06:32,05:37:21,12:46:11,19:55:34,20:26:29
2019-05-15,05:05:31,05:36:25,12:46:11,19:56:30,20:27:31
2019-05-16,05:04:31,05:35:31,12:46:12,19:57:26,20:28:32
2019-05-17,05:03:32,05:34:38,12:46:13,19:58:21,20:29:33
2019-05-18,05:02:35,05:33:47,12:46:15,19:59:15,20:30:33
2019-05-19,05:01:40,05:32:57,12:46:17,20:00:09,20:31:33
2019-05-20,05:00:47,05:32:09,12:46:20,20:01:03,20:32:32
2019-05-21,04:59:55,05:31:23,12:46:23,20:01:55,20:33:30
2019-05-22,04:59:05,05:30:39,12:46:27,20:02:47,20:34:27
2019-05-23,04:58:17,05:29:56,12:46:32,20:03:39,20:35:24
2019-05-24,04:57:31,05:29:15,12:46:37,20:04:30,20:36:20
2019-05-25,04:56:46,05:28:36,12:46:42,20:05:19,20:37:15
2019-05-26,04:56:04,05:27:59,12:46:48,20:06:08,20:38:09
2019-05-27,04:55:23,05:27:23,12:46:55,20:06:57,20:39:02
2019-05-28,04:54:44,05:26:49,12:47:02,20:07:44,20:39:54
2019-05-29,04:54:07,05:26:17,12:47:09,20:08:30,20:40:45
2019-05-30,04:53:33,05:25:47,12:47:17,20:09:16,20:41:35
2019-05-31,04:53:00,05:25:19,12:47:25,20:10:00,20:42:24
2019-06-01,04:52:29,05:24:53,12:47:34,20:10:43,20:43:11
2019-06-02,04:52:00,05:24:28,12:47:43,20:11:25,20:43:57
2019-06-03,04:51:34,05:24:05,12:47:53,20:12:06,20:44:42
2019-06-04,04:51:09,05:23:45,12:48:02,20:12:46,20:45:26
2019-06-05,04:50:47,05:23:26,12:48:13,20:13:25,20:46:08
2019-06-06,04:50:26,05:23:09,12:48:23,20:14:02,20:46:49
2019-06-07,04:50:08,05:22:54,12:48:34,20:14:38,20:47:28
2019-06-08,04:49:52,05:22:41,12:48:45,20:15:13,20:48:05
2019-06-09,04:49:38,05:22:30,12:48:57,20:15:46,20:48:41
2019-06-10,04:49:26,05:22:21,12:49:08,20:16:18,20:49:16
2019-06-11,04:49:16,05:22:14,12:49:20,20:16:48,20:49:49
2019-06-12,04:49:08,05:22:08,12:49:33,20:17:17,20:50:20
2019-06-13,04:49:02,05:22:05,12:49:45,20:17:44,20:50:49
2019-06-14,04:48:59,05:22:03,12:49:57,20:18:10,20:51:16
2019-06-15,04:48:57,05:22:03,12:50:10,20:18:34,20:51:42
2019-06-16,04:48:58,05:22:06,12:50:23,20:18:56,20:52:05
2019-06-17,04:49:01,05:22:10,12:50:36,20:19:17,20:52:27
2019-06-18,04:49:05,05:22:15,12:50:49,20:19:36,20:52:47
2019-06-19,04:49:12,05:22:23,12:51:02,20:19:54,20:53:05
2019-06-20,04:49:21,05:22:32,12:51:15,20:20:09,20:53:21
2019-06-21,04:49:32,05:22:44,12:51:28,20:20:23,20:53:35
2019-06-22,04:49:45,05:22:57,12:51:41,20:20:35,20:53:47
2019-06-23,04:50:00,05:23:11,12:51:54,20:20:45,20:53:57
2019-06-24,04:50:16,05:23:28,12:52:07,20:20:54,20:54:04
2019-06-25,04:50:35,05:23:46,12:52:20,20:21:00,20:54:10
2019-06-26,04:50:56,05:24:05,12:52:32,20:21:05,20:54:13
2019-06-27,04:51:18,05:24:27,12:52:45,20:21:08,20:54:15
2019-06-28,04:51:42,05:24:49,12:52:58,20:21:08,20:54:14
2019-06-29,04:52:08,05:25:14,12:53:10,20:21:07,20:54:11
2019-06-30,04:52:36,05:25:40,12:53:22,20:21:04,20:54:06
2019-07-01,04:53:06,05:26:07,12:53:34,20:20:59,20:53:59
2019-07-02,04:53:37,05:26:36,12:53:45,20:20:52,20:53:49
2019-07-03,04:54:10,05:27:06,12:53:57,20:20:44,20:53:38
2019-07-04,04:54:44,05:27:38,12:54:08,20:20:33,20:53:24
2019-07-05,04:55:20,05:28:11,12:54:18,20:20:20,20:53:08
2019-07-06,04:55:57,05:28:45,12:54:29,20:20:05,20:52:50
2019-07-07,04:56:36,05:29:21,12:54:39,20:19:49,20:52:30
2019-07-08,04:57:16,05:29:58,12:54:49,20:19:30,20:52:08
2019-07-09,04:57:58,05:30:36,12:54:58,20:19:09,20:51:43
2019-07-10,04:58:41,05:31:15,12:55:07,20:18:47,20:51:17
2019-07-11,04:59:25,05:31:55,12:55:15,20:18:22,20:50:48
2019-07-12,05:00:10,05:32:36,12:55:23,20:17:56,20:50:17
2019-07-13,05:00:57,05:33:19,12:55:31,20:17:28,20:49:45
2019-07-14,05:01:44,05:34:02,12:55:38,20:16:58,20:49:10
2019-07-15,05:02:33,05:34:46,12:55:45,20:16:25,20:48:33
2019-07-16,05:03:23,05:35:31,12:55:51,20:15:51,20:47:54
2019-07-17,05:04:14,05:36:17,12:55:57,20:15:16,20:47:14
2019-07-18,05:05:05,05:37:04,12:56:02,20:14:38,20:46:31
2019-07-19,05:05:58,05:37:51,12:56:06,20:13:59,20:45:46
2019-07-20,05:06:51,05:38:39,12:56:10,20:13:17,20:45:00
2019-07-21,05:07:45,05:39:28,12:56:14,20:12:34,20:44:11
2019-07-22,05:08:40,05:40:18,12:56:17,20:11:49,20:43:21
2019-07-23,05:09:35,05:41:08,12:56:19,20:11:03,20:42:29
2019-07-24,05:10:32,05:41:59,12:56:21,20:10:14,20:41:35
2019-07-25,05:11:28,05:42:50,12:56:22,20:09:24,20:40:40
2019-07-26,05:12:26,05:43:42,12:56:23,20:08:33,20:39:42
2019-07-27,05:13:24,05:44:34,12:56:23,20:07:39,20:38:44
2019-07-28,05:14:22,05:45:27,12:56:22,20:06:45,20:37:43
2019-07-29,05:15:21,05:46:20,12:56:21,20:05:48,20:36:41
2019-07-30,05:16:20,05:47:13,12:56:19,20:04:50,20:35:37
2019-07-31,05:17:19,05:48:07,12:56:17,20:03:50,20:34:32
2019-08-01,05:18:19,05:49:01,12:56:14,20:02:49,20:33:25
2019-08-02,05:19:19,05:49:56,12:56:10,20:01:46,20:32:16
2019-08-03,05:20:19,05:50:50,12:56:06,20:00:42,20:31:07
2019-08-04,05:21:20,05:51:45,12:56:01,19:59:37,20:29:55
2019-08-05,05:22:21,05:52:40,12:55:55,19:58:30,20:28:43
2019-08-06,05:23:22,05:53:36,12:55:49,19:57:22,20:27:29
2019-08-07,05:24:23,05:54:31,12:55:43,19:56:12,20:26:14
2019-08-08,05:25:24,05:55:27,12:55:35,19:55:01,20:24:57
2019-08-09,05:26:25,05:56:22,12:55:28,19:53:49,20:23:40
2019-08-10,05:27:27,05:57:18,12:55:19,19:52:36,20:22:21
2019-08-11,05:28:28,05:58:14,12:55:10,19:51:21,20:21:01
2019-08-12,05:29:29,05:59:10,12:55:01,19:50:05,20:19:39
2019-08-13,05:30:31,06:00:06,12:54:50,19:48:48,20:18:17
2019-08-14,05:31:32,06:01:02,12:54:40,19:47:30,20:16:54
2019-08-15,05:32:33,06:01:58,12:54:29,19:46:11,20:15:30
2019-08-16,05:33:35,06:02:55,12:54:17,19:44:51,20:14:04
2019-08-17,05:34:36,06:03:51,12:54:05,19:43:29,20:12:38
2019-08-18,05:35:37,06:04:47,12:53:52,19:42:07,20:11:11
2019-08-19,05:36:38,06:05:43,12:53:38,19:40:44,20:09:43
2019-08-20,05:37:39,06:06:39,12:53:25,19:39:20,20:08:14
2019-08-21,05:38:39,06:07:35,12:53:10,19:37:54,20:06:44
2019-08-22,05:39:40,06:08:31,12:52:56,19:36:28,20:05:13
2019-08-23,05:40:40,06:09:27,12:52:40,19:35:02,20:03:42
2019-08-24,05:41:41,06:10:23,12:52:25,19:33:34,20:02:10
2019-08-25,05:42:41,06:11:19,12:52:09,19:32:06,20:00:38
2019-08-26,05:43:41,06:12:15,12:51:52,19:30:37,19:59:04
2019-08-27,05:44:41,06:13:10,12:51:35,19:29:07,19:57:30
2019-08-28,05:45:41,06:14:06,12:51:18,19:27:36,19:55:56
2019-08-29,05:46:40,06:15:02,12:51:01,19:26:05,19:54:21
2019-08-30,05:47:39,06:15:57,12:50:43,19:24:33,19:52:45
2019-08-31,05:48:39,06:16:53,12:50:24,19:23:01,19:51:09
2019-09-01,05:49:38,06:17:48,12:50:06,19:21:28,19:49:33
2019-09-02,05:50:37,06:18:44,12:49:47,19:19:54,19:47:56
2019-09-03,05:51:35,06:19:39,12:49:28,19:18:20,19:46:18
2019-09-04,05:52:34,06:20:35,12:49:08,19:16:45,19:44:41
2019-09-05,05:53:32,06:21:30,12:48:48,19:15:10,19:43:03
2019-09-06,05:54:31,06:22:25,12:48:28,19:13:35,19:41:24
2019-09-07,05:55:29,06:23:20,12:48:08,19:11:59,19:39:46
2019-09-08,05:56:27,06:24:16,12:47:48,19:10:23,19:38:07
2019-09-09,05:57:25,06:25:11,12:47:27,19:08:46,19:36:28
2019-09-10,05:58:22,06:26:06,12:47:06,19:07:10,19:34:49
2019-09-11,05:59:20,06:27:01,12:46:45,19:05:33,19:33:09
2019-09-12,06:00:17,06:27:57,12:46:24,19:03:55,19:31:30
2019-09-13,06:01:15,06:28:52,12:46:03,19:02:18,19:29:50
2019-09-14,06:02:12,06:29:47,12:45:42,19:00:40,19:28:11
2019-09-15,06:03:09,06:30:43,12:45:21,18:59:02,19:26:31
2019-09-16,06:04:06,06:31:38,12:44:59,18:57:24,19:24:51
2019-09-17,06:05:03,06:32:34,12:44:38,18:55:46,19:23:11
2019-09-18,06:06:00,06:33:29,12:44:16,18:54:07,19:21:32
2019-09-19,06:06:57,06:34:25,12:43:55,18:52:29,19:19:52
2019-09-20,06:07:54,06:35:20,12:43:34,18:50:51,19:18:13
2019-09-21,06:08:51,06:36:16,12:43:12,18:49:12,19:16:33
2019-09-22,06:09:48,06:37:12,12:42:51,18:47:34,19:14:54
2019-09-23,06:10:45,06:38:08,12:42:30,18:45:56,19:13:15
2019-09-24,06:11:42,06:39:04,12:42:09,18:44:18,19:11:37
2019-09-25,06:12:39,06:40:01,12:41:48,18:42:40,19:09:58
2019-09-26,06:13:35,06:40:57,12:41:27,18:41:02,19:08:20
2019-09-27,06:14:32,06:41:54,12:41:06,18:39:24,19:06:42
2019-09-28,06:15:29,06:42:51,12:40:46,18:37:47,19:05:05
2019-09-29,06:16:26,06:43:48,12:40:26,18:36:10,19:03:28
2019-09-30,06:17:24,06:44:45,12:40:06,18:34:33,19:01:51
2019-10-01,06:18:21,06:45:42,12:39:46,18:32:56,19:00:14
2019-10-02,06:19:18,06:46:40,12:39:26,18:31:20,18:58:39
2019-10-03,06:20:15,06:47:38,12:39:07,18:29:44,18:57:03
2019-10-04,06:21:13,06:48:36,12:38:48,18:28:09,18:55:28
2019-10-05,06:22:11,06:49:34,12:38:30,18:26:34,18:53:54
2019-10-06,06:23:08,06:50:33,12:38:11,18:24:59,18:52:20
2019-10-07,06:24:06,06:51:32,12:37:53,18:23:25,18:50:47
2019-10-08,06:25:04,06:52:31,12:37:36,18:21:51,18:49:15
2019-10-09,06:26:03,06:53:30,12:37:19,18:20:18,18:47:43
2019-10-10,06:27:01,06:54:30,12:37:02,18:18:46,18:46:12
2019-10-11,06:28:00,06:55:30,12:36:46,18:17:14,18:44:42
2019-10-12,06:28:58,06:56:31,12:36:30,18:15:43,18:43:12
2019-10-13,06:29:57,06:57:31,12:36:15,18:14:12,18:41:44
2019-10-14,06:30:57,06:58:32,12:36:00,18:12:42,18:40:16
2019-10-15,06:31:56,06:59:34,12:35:46,18:11:13,18:38:49
2019-10-16,06:32:56,07:00:35,12:35:33,18:09:45,18:37:23
2019-10-17,06:33:55,07:01:37,12:35:20,18:08:18,18:35:57
2019-10-18,06:34:56,07:02:40,12:35:07,18:06:51,18:34:33
2019-10-19,06:35:56,07:03:42,12:34:55,18:05:26,18:33:10
2019-10-20,06:36:56,07:04:45,12:34:44,18:04:01,18:31:48
2019-10-21,06:37:57,07:05:49,12:34:33,18:02:37,18:30:27
2019-10-22,06:38:58,07:06:52,12:34:24,18:01:14,18:29:07
2019-10-23,06:40:00,07:07:56,12:34:14,17:59:53,18:27:48
2019-10-24,06:41:01,07:09:01,12:34:06,17:58:32,18:26:30
2019-10-25,06:42:03,07:10:05,12:33:58,17:57:12,18:25:13
2019-10-26,06:43:05,07:11:11,12:33:51,17:55:54,18:23:58
2019-10-27,06:44:07,07:12:16,12:33:44,17:54:37,18:22:44
2019-10-28,06:45:09,07:13:22,12:33:39,17:53:21,18:21:31
2019-10-29,06:46:12,07:14:27,12:33:34,17:52:06,18:20:20
2019-10-30,06:47:15,07:15:34,12:33:30,17:50:52,18:19:10
2019-10-31,06:48:18,07:16:40,12:33:26,17:49:40,18:18:01
2019-11-01,06:49:21,07:17:47,12:33:24,17:48:29,18:16:54
2019-11-02,06:50:25,07:18:54,12:33:22,17:47:20,18:15:48
2019-11-03,06:51:28,07:20:01,12:33:21,17:46:12,18:14:43
2019-11-04,06:52:32,07:21:09,12:33:21,17:45:05,18:13:40
2019-11-05,06:53:36,07:22:16,12:33:22,17:44:00,18:12:39
2019-11-06,06:54:40,07:23:24,12:33:23,17:42:56,18:11:39
2019-11-07,06:55:44,07:24:32,12:33:26,17:41:54,18:10:41
2019-11-08,06:56:48,07:25:40,12:33:29,17:40:54,18:09:45
2019-11-09,06:57:52,07:26:48,12:33:33,17:39:55,18:08:50
2019-11-10,06:58:57,07:27:57,12:33:38,17:38:58,18:07:57
2019-11-11,07:00:01,07:29:05,12:33:44,17:38:02,18:07:05
2019-11-12,07:01:05,07:30:13,12:33:50,17:37:08,18:06:15
2019-11-13,07:02:09,07:31:21,12:33:58,17:36:16,18:05:27
2019-11-14,07:03:14,07:32:30,12:34:06,17:35:26,18:04:41
2019-11-15,07:04:18,07:33:38,12:34:16,17:34:38,18:03:57
2019-11-16,07:05:22,07:34:46,12:34:26,17:33:51,18:03:15
2019-11-17,07:06:25,07:35:54,12:34:37,17:33:07,18:02:34
2019-11-18,07:07:29,07:37:01,12:34:49,17:32:24,18:01:55
2019-11-19,07:08:32,07:38:08,12:35:01,17:31:43,18:01:18
2019-11-20,07:09:35,07:39:16,12:35:15,17:31:04,18:00:44
2019-11-21,07:10:38,07:40:22,12:35:29,17:30:27,18:00:11
2019-11-22,07:11:40,07:41:29,12:35:44,17:29:52,17:59:40
2019-11-23,07:12:42,07:42:34,12:36:00,17:29:19,17:59:11
2019-11-24,07:13:44,07:43:40,12:36:17,17:28:49,17:58:44
2019-11-25,07:14:45,07:44:45,12:36:34,17:28:20,17:58:19
2019-11-26,07:15:46,07:45:49,12:36:52,17:27:53,17:57:56
2019-11-27,07:16:46,07:46:52,12:37:11,17:27:29,17:57:35
2019-11-28,07:17:45,07:47:55,12:37:31,17:27:07,17:57:16
2019-11-29,07:18:44,07:48:58,12:37:52,17:26:46,17:57:00
2019-11-30,07:19:42,07:49:59,12:38:13,17:26:28,17:56:45
2019-12-01,07:20:39,07:51:00,12:38:34,17:26:12,17:56:32
2019-12-02,07:21:36,07:51:59,12:38:57,17:25:59,17:56:22
2019-12-03,07:22:31,07:52:58,12:39:20,17:25:47,17:56:14
2019-12-04,07:23:26,07:53:56,12:39:44,17:25:38,17:56:07
2019-12-05,07:24:20,07:54:52,12:40:08,17:25:31,17:56:03
2019-12-06,07:25:13,07:55:48,12:40:33,17:25:26,17:56:01
2019-12-07,07:26:04,07:56:42,12:40:58,17:25:24,17:56:01
2019-12-08,07:26:55,07:57:35,12:41:24,17:25:23,17:56:03
2019-12-09,07:27:45,07:58:27,12:41:50,17:25:25,17:56:07
2019-12-10,07:28:33,07:59:17,12:42:17,17:25:29,17:56:13
2019-12-11,07:29:20,08:00:06,12:42:44,17:25:36,17:56:22
2019-12-12,07:30:06,08:00:54,12:43:11,17:25:44,17:56:32
2019-12-13,07:30:50,08:01:40,12:43:39,17:25:55,17:56:44
2019-12-14,07:31:33,08:02:25,12:44:07,17:26:08,17:56:59
2019-12-15,07:32:15,08:03:08,12:44:36,17:26:23,17:57:15
2019-12-16,07:32:55,08:03:49,12:45:05,17:26:40,17:57:33
2019-12-17,07:33:34,08:04:29,12:45:34,17:26:59,17:57:54
2019-12-18,07:34:11,08:05:06,12:46:03,17:27:21,17:58:16
2019-12-19,07:34:47,08:05:43,12:46:32,17:27:44,17:58:40
2019-12-20,07:35:21,08:06:17,12:47:02,17:28:10,17:59:06
2019-12-21,07:35:53,08:06:50,12:47:32,17:28:37,17:59:34
2019-12-22,07:36:24,08:07:20,12:48:01,17:29:07,18:00:04
2019-12-23,07:36:53,08:07:49,12:48:31,17:29:39,18:00:35
2019-12-24,07:37:20,08:08:16,12:49:01,17:30:12,18:01:08
2019-12-25,07:37:45,08:08:40,12:49:31,17:30:47,18:01:43
2019-12-26,07:38:08,08:09:03,12:50:00,17:31:25,18:02:20
2019-12-27,07:38:30,08:09:24,12:50:30,17:32:04,18:02:58
2019-12-28,07:38:50,08:09:43,12:50:59,17:32:45,18:03:38
2019-12-29,07:39:07,08:09:59,12:51:29,17:33:27,18:04:19
2019-12-30,07:39:23,08:10:14,12:51:58,17:34:12,18:05:02
2019-12-31,07:39:37,08:10:26,12:52:27,17:34:57,18:05:46
2020-01-01,07:39:49,08:10:36,12:52:55,17:35:45,18:06:32
2020-01-02,07:39:59,08:10:44,12:53:23,17:36:34,18:07:19
2020-01-03,07:40:07,08:10:50,12:53:51,17:37:25,18:08:08
2020-01-04,07:40:13,08:10:54,12:54:19,17:38:17,18:08:58
2020-01-05,07:40:17,08:10:55,12:54:46,17:39:10,18:09:49
2020-01-06,07:40:19,08:10:55,12:55:13,17:40:05,18:10:41
2020-01-07,07:40:19,08:10:52,12:55:40,17:41:01,18:11:35
2020-01-08,07:40:16,08:10:47,12:56:06,17:41:58,18:12:29
2020-01-09,07:40:12,08:10:40,12:56:31,17:42:57,18:13:25
2020-01-10,07:40:06,08:10:31,12:56:56,17:43:56,18:14:21
2020-01-11,07:39:57,08:10:19,12:57:21,17:44:57,18:15:19
2020-01-12,07:39:47,08:10:05,12:57:45,17:45:58,18:16:17
2020-01-13,07:39:35,08:09:49,12:58:08,17:47:01,18:17:16
2020-01-14,07:39:20,08:09:31,12:58:31,17:48:05,18:18:17
2020-01-15,07:39:03,08:09:11,12:58:53,17:49:09,18:19:17
2020-01-16,07:38:45,08:08:49,12:59:14,17:50:14,18:20:19
2020-01-17,07:38:24,08:08:25,12:59:35,17:51:20,18:21:21
2020-01-18,07:38:02,08:07:58,12:59:55,17:52:27,18:22:24
2020-01-19,07:37:37,08:07:30,13:00:14,17:53:34,18:23:28
2020-01-20,07:37:10,08:06:59,13:00:33,17:54:42,18:24:31
2020-01-21,07:36:42,08:06:27,13:00:51,17:55:50,18:25:36
2020-01-22,07:36:11,08:05:52,13:01:08,17:56:59,18:26:41
2020-01-23,07:35:38,08:05:16,13:01:24,17:58:08,18:27:46
2020-01-24,07:35:04,08:04:37,13:01:40,17:59:18,18:28:52
2020-01-25,07:34:28,08:03:57,13:01:55,18:00:28,18:29:58
2020-01-26,07:33:49,08:03:14,13:02:09,18:01:38,18:31:04
2020-01-27,07:33:09,08:02:30,13:02:22,18:02:49,18:32:11
2020-01-28,07:32:27,08:01:44,13:02:35,18:04:00,18:33:17
2020-01-29,07:31:44,08:00:56,13:02:47,18:05:11,18:34:24
2020-01-30,07:30:58,08:00:06,13:02:57,18:06:22,18:35:31
2020-01-31,07:30:11,07:59:15,13:03:07,18:07:33,18:36:39
2020-02-01,07:29:22,07:58:22,13:03:17,18:08:45,18:37:46
2020-02-02,07:28:31,07:57:27,13:03:25,18:09:56,18:38:53
2020-02-03,07:27:38,07:56:30,13:03:33,18:11:07,18:40:01
2020-02-04,07:26:44,07:55:32,13:03:39,18:12:19,18:41:08
2020-02-05,07:25:48,07:54:33,13:03:45,18:13:30,18:42:16
2020-02-06,07:24:51,07:53:31,13:03:50,18:14:41,18:43:23
2020-02-07,07:23:52,07:52:28,13:03:55,18:15:53,18:44:30
2020-02-08,07:22:52,07:51:24,13:03:58,18:17:04,18:45:38
2020-02-09,07:21:50,07:50:18,13:04:01,18:18:14,18:46:45
2020-02-10,07:20:46,07:49:11,13:04:03,18:19:25,18:47:52
2020-02-11,07:19:41,07:48:03,13:04:04,18:20:36,18:48:59
2020-02-12,07:18:35,07:46:53,13:04:04,18:21:46,18:50:05
2020-02-13,07:17:27,07:45:41,13:04:04,18:22:56,18:51:12
2020-02-14,07:16:18,07:44:29,13:04:02,18:24:06,18:52:18
2020-02-15,07:15:07,07:43:15,13:04:00,18:25:15,18:53:25
2020-02-16,07:13:55,07:42:00,13:03:58,18:26:25,18:54:31
2020-02-17,07:12:42,07:40:44,13:03:54,18:27:34,18:55:37
2020-02-18,07:11:28,07:39:26,13:03:50,18:28:42,18:56:42
2020-02-19,07:10:13,07:38:08,13:03:45,18:29:51,18:57:48
2020-02-20,07:08:56,07:36:48,13:03:40,18:30:59,18:58:53
2020-02-21,07:07:38,07:35:28,13:03:33,18:32:07,18:59:58
2020-02-22,07:06:19,07:34:06,13:03:27,18:33:14,19:01:03
2020-02-23,07:04:59,07:32:44,13:03:19,18:34:22,19:02:08
2020-02-24,07:03:38,07:31:20,13:03:11,18:35:28,19:03:13
2020-02-25,07:02:16,07:29:56,13:03:02,18:36:35,19:04:17
2020-02-26,07:00:53,07:28:31,13:02:53,18:37:41,19:05:21
2020-02-27,06:59:29,07:27:04,13:02:43,18:38:47,19:06:25
2020-02-28,06:58:04,07:25:38,13:02:32,18:39:53,19:07:29
2020-02-29,06:56:39,07:24:10,13:02:21,18:40:58,19:08:32
2020-03-01,06:55:12,07:22:42,13:02:10,18:42:03,19:09:35
2020-03-02,06:53:45,07:21:13,13:01:58,18:43:08,19:10:39
2020-03-03,06:52:16,07:19:43,13:01:45,18:44:12,19:11:42
2020-03-04,06:50:48,07:18:13,13:01:32,18:45:17,19:12:44
2020-03-05,06:49:18,07:16:42,13:01:19,18:46:21,19:13:47
2020-03-06,06:47:48,07:15:10,13:01:05,18:47:24,19:14:50
2020-03-07,06:46:17,07:13:38,13:00:50,18:48:27,19:15:52
2020-03-08,06:44:45,07:12:06,13:00:36,18:49:30,19:16:54
2020-03-09,06:43:13,07:10:33,13:00:21,18:50:33,19:17:56
2020-03-10,06:41:40,07:08:59,13:00:05,18:51:36,19:18:58
2020-03-11,06:40:07,07:07:25,12:59:50,18:52:38,19:20:00
2020-03-12,06:38:33,07:05:51,12:59:34,18:53:40,19:21:02
2020-03-13,06:36:59,07:04:17,12:59:17,18:54:42,19:22:04
2020-03-14,06:35:24,07:02:42,12:59:01,18:55:44,19:23:05
2020-03-15,06:33:49,07:01:07,12:58:44,18:56:45,19:24:07
2020-03-16,06:32:13,06:59:31,12:58:27,18:57:47,19:25:08
2020-03-17,06:30:38,06:57:56,12:58:10,18:58:48,19:26:10
2020-03-18,06:29:01,06:56:20,12:57:52,18:59:49,19:27:11
2020-03-19,06:27:25,06:54:44,12:57:35,19:00:50,19:28:12
2020-03-20,06:25:48,06:53:08,12:57:17,19:01:50,19:29:14
2020-03-21,06:24:11,06:51:32,12:56:59,19:02:51,19:30:15
2020-03-22,06:22:34,06:49:56,12:56:41,19:03:51,19:31:17
2020-03-23,06:20:57,06:48:20,12:56:23,19:04:51,19:32:18
2020-03-24,06:19:20,06:46:43,12:56:05,19:05:52,19:33:19
2020-03-25,06:17:42,06:45:07,12:55:47,19:06:52,19:34:21
2020-03-26,06:16:05,06:43:31,12:55:29,19:07:52,19:35:22
2020-03-27,06:14:27,06:41:55,12:55:11,19:08:52,19:36:24
2020-03-28,06:12:49,06:40:19,12:54:53,19:09:51,19:37:26
2020-03-29,06:11:12,06:38:43,12:54:35,19:10:51,19:38:27
2020-03-30,06:09:34,06:37:08,12:54:17,19:11:51,19:39:29
2020-03-31,06:07:57,06:35:32,12:53:59,19:12:51,19:40:31
2020-04-01,06:06:19,06:33:57,12:53:41,19:13:50,19:41:33
2020-04-02,06:04:42,06:32:22,12:53:23,19:14:50,19:42:35
2020-04-03,06:03:05,06:30:48,12:53:06,19:15:50,19:43:37
2020-04-04,06:01:28,06:29:13,12:52:48,19:16:49,19:44:40
2020-04-05,05:59:51,06:27:40,12:52:31,19:17:49,19:45:42
2020-04-06,05:58:15,06:26:06,12:52:14,19:18:48,19:46:45
2020-04-07,05:56:39,06:24:33,12:51:57,19:19:48,19:47:48
2020-04-08,05:55:03,06:23:00,12:51:41,19:20:48,19:48:50
2020-04-09,05:53:28,06:21:28,12:51:24,19:21:47,19:49:53
2020-04-10,05:51:52,06:19:56,12:51:08,19:22:47,19:50:56
2020-04-11,05:50:18,06:18:25,12:50:52,19:23:47,19:52:00
2020-04-12,05:48:44,06:16:55,12:50:37,19:24:46,19:53:03
2020-04-13,05:47:10,06:15:25,12:50:21,19:25:46,19:54:07
2020-04-14,05:45:37,06:13:55,12:50:07,19:26:46,19:55:10
2020-04-15,05:44:04,06:12:27,12:49:52,19:27:46,19:56:14
2020-04-16,05:42:32,06:10:59,12:49:38,19:28:46,19:57:18
2020-04-17,05:41:01,06:09:31,12:49:24,19:29:45,19:58:22
2020-04-18,05:39:30,06:08:05,12:49:10,19:30:45,19:59:26
2020-04-19,05:38:00,06:06:39,12:48:57,19:31:45,20:00:31
2020-04-20,05:36:30,06:05:14,12:48:45,19:32:45,20:01:35
2020-04-21,05:35:01,06:03:50,12:48:32,19:33:45,20:02:40
2020-04-22,05:33:33,06:02:27,12:48:21,19:34:45,20:03:44
2020-04-23,05:32:06,06:01:05,12:48:09,19:35:45,20:04:49
2020-04-24,05:30:40,05:59:43,12:47:58,19:36:45,20:05:54
2020-04-25,05:29:15,05:58:23,12:47:48,19:37:44,20:06:59
2020-04-26,05:27:50,05:57:03,12:47:38,19:38:44,20:08:04
2020-04-27,05:26:27,05:55:45,12:47:29,19:39:44,20:09:09
2020-04-28,05:25:04,05:54:27,12:47:20,19:40:44,20:10:14
2020-04-29,05:23:43,05:53:11,12:47:11,19:41:43,20:11:19
2020-04-30,05:22:22,05:51:56,12:47:04,19:42:43,20:12:24
2020-05-01,05:21:03,05:50:42,12:46:56,19:43:42,20:13:28
2020-05-02,05:19:44,05:49:29,12:46:49,19:44:42,20:14:33
2020-05-03,05:18:27,05:48:18,12:46:43,19:45:41,20:15:38
2020-05-04,05:17:11,05:47:07,12:46:37,19:46:40,20:16:43
2020-05-05,05:15:57,05:45:58,12:46:32,19:47:39,20:17:47
2020-05-06,05:14:43,05:44:50,12:46:28,19:48:38,20:18:51
2020-05-07,05:13:31,05:43:44,12:46:24,19:49:36,20:19:56
2020-05-08,05:12:20,05:42:39,12:46:20,19:50:34,20:20:59
2020-05-09,05:11:11,05:41:35,12:46:17,19:51:32,20:22:03
2020-05-10,05:10:03,05:40:33,12:46:15,19:52:30,20:23:06
2020-05-11,05:08:56,05:39:32,12:46:13,19:53:27,20:24:09
2020-05-12,05:07:51,05:38:33,12:46:12,19:54:24,20:25:12
2020-05-13,05:06:47,05:37:35,12:46:11,19:55:20,20:26:14
2020-05-14,05:05:45,05:36:38,12:46:11,19:56:17,20:27:16
2020-05-15,05:04:45,05:35:44,12:46:12,19:57:12,20:28:18
2020-05-16,05:03:46,05:34:51,12:46:13,19:58:08,20:29:18
2020-05-17,05:02:49,05:33:59,12:46:14,19:59:02,20:30:19
2020-05-18,05:01:53,05:33:09,12:46:16,19:59:56,20:31:19
2020-05-19,05:00:59,05:32:21,12:46:19,20:00:50,20:32:18
2020-05-20,05:00:07,05:31:34,12:46:22,20:01:43,20:33:16
2020-05-21,04:59:17,05:30:49,12:46:26,20:02:35,20:34:14
2020-05-22,04:58:28,05:30:06,12:46:31,20:03:27,20:35:11
2020-05-23,04:57:41,05:29:25,12:46:35,20:04:18,20:36:07
2020-05-24,04:56:57,05:28:45,12:46:41,20:05:08,20:37:02
2020-05-25,04:56:14,05:28:07,12:46:47,20:05:57,20:37:56
2020-05-26,04:55:32,05:27:31,12:46:53,20:06:45,20:38:50
2020-05-27,04:54:53,05:26:57,12:47:00,20:07:33,20:39:42
2020-05-28,04:54:16,05:26:25,12:47:07,20:08:19,20:40:33
2020-05-29,04:53:41,05:25:54,12:47:15,20:09:05,20:41:23
2020-05-30,04:53:08,05:25:25,12:47:23,20:09:50,20:42:12
2020-05-31,04:52:36,05:24:59,12:47:32,20:10:33,20:43:00
2020-06-01,04:52:07,05:24:34,12:47:41,20:11:16,20:43:47
2020-06-02,04:51:40,05:24:11,12:47:50,20:11:57,20:44:32
2020-06-03,04:51:15,05:23:50,12:48:00,20:12:37,20:45:16
2020-06-04,04:50:52,05:23:30,12:48:10,20:13:16,20:45:58
2020-06-05,04:50:31,05:23:13,12:48:21,20:13:53,20:46:39
2020-06-06,04:50:12,05:22:58,12:48:32,20:14:30,20:47:19
2020-06-07,04:49:55,05:22:44,12:48:43,20:15:05,20:47:57
2020-06-08,04:49:41,05:22:33,12:48:54,20:15:38,20:48:33
2020-06-09,04:49:28,05:22:23,12:49:06,20:16:10,20:49:08
2020-06-10,04:49:18,05:22:15,12:49:18,20:16:41,20:49:41
2020-06-11,04:49:09,05:22:09,12:49:30,20:17:10,20:50:13
2020-06-12,04:49:03,05:22:05,12:49:42,20:17:38,20:50:42
2020-06-13,04:48:59,05:22:03,12:49:54,20:18:04,20:51:10
2020-06-14,04:48:57,05:22:03,12:50:07,20:18:29,20:51:36
2020-06-15,04:48:57,05:22:05,12:50:20,20:18:51,20:52:00
2020-06-16,04:49:00,05:22:08,12:50:33,20:19:13,20:52:23
2020-06-17,04:49:04,05:22:14,12:50:46,20:19:32,20:52:43
2020-06-18,04:49:10,05:22:21,12:50:59,20:19:50,20:53:01
2020-06-19,04:49:19,05:22:30,12:51:12,20:20:06,20:53:18
2020-06-20,04:49:29,05:22:41,12:51:25,20:20:20,20:53:32
2020-06-21,04:49:41,05:22:53,12:51:38,20:20:33,20:53:44
2020-06-22,04:49:56,05:23:07,12:51:51,20:20:43,20:53:55
2020-06-23,04:50:12,05:23:23,12:52:04,20:20:52,20:54:03
2020-06-24,04:50:30,05:23:41,12:52:17,20:20:59,20:54:09
2020-06-25,04:50:50,05:24:00,12:52:30,20:21:04,20:54:13
2020-06-26,04:51:12,05:24:21,12:52:42,20:21:07,20:54:15
2020-06-27,04:51:36,05:24:44,12:52:55,20:21:09,20:54:15
2020-06-28,04:52:02,05:25:08,12:53:07,20:21:08,20:54:12
2020-06-29,04:52:29,05:25:33,12:53:19,20:21:06,20:54:08
2020-06-30,04:52:58,05:26:01,12:53:31,20:21:01,20:54:01
2020-07-01,04:53:29,05:26:29,12:53:43,20:20:55,20:53:52
2020-07-02,04:54:01,05:26:59,12:53:54,20:20:46,20:53:41
2020-07-03,04:54:35,05:27:30,12:54:05,20:20:36,20:53:28
2020-07-04,04:55:11,05:28:03,12:54:16,20:20:24,20:53:13
2020-07-05,04:55:48,05:28:37,12:54:27,20:20:09,20:52:55
2020-07-06,04:56:26,05:29:12,12:54:37,20:19:53,20:52:35
2020-07-07,04:57:06,05:29:49,12:54:47,20:19:35,20:52:14
2020-07-08,04:57:48,05:30:26,12:54:56,20:19:15,20:51:50
2020-07-09,04:58:30,05:31:05,12:55:05,20:18:53,20:51:24
2020-07-10,04:59:14,05:31:45,12:55:14,20:18:29,20:50:56
2020-07-11,04:59:59,05:32:26,12:55:22,20:18:03,20:50:25
2020-07-12,05:00:45,05:33:08,12:55:29,20:17:35,20:49:53
2020-07-13,05:01:33,05:33:51,12:55:37,20:17:05,20:49:19
2020-07-14,05:02:21,05:34:35,12:55:43,20:16:34,20:48:43
2020-07-15,05:03:11,05:35:20,12:55:50,20:16:00,20:48:04
2020-07-16,05:04:01,05:36:06,12:55:55,20:15:25,20:47:24
2020-07-17,05:04:53,05:36:52,12:56:01,20:14:48,20:46:42
2020-07-18,05:05:45,05:37:39,12:56:05,20:14:09,20:45:58
2020-07-19,05:06:38,05:38:28,12:56:10,20:13:28,20:45:11
2020-07-20,05:07:32,05:39:16,12:56:13,20:12:45,20:44:24
2020-07-21,05:08:27,05:40:06,12:56:16,20:12:01,20:43:34
2020-07-22,05:09:22,05:40:56,12:56:19,20:11:14,20:42:42
2020-07-23,05:10:18,05:41:46,12:56:21,20:10:27,20:41:49
2020-07-24,05:11:15,05:42:37,12:56:22,20:09:37,20:40:54
2020-07-25,05:12:12,05:43:29,12:56:23,20:08:46,20:39:57
2020-07-26,05:13:09,05:44:21,12:56:23,20:07:53,20:38:58
2020-07-27,05:14:08,05:45:14,12:56:22,20:06:58,20:37:58
2020-07-28,05:15:06,05:46:07,12:56:21,20:06:02,20:36:56
2020-07-29,05:16:05,05:47:00,12:56:20,20:05:04,20:35:53
2020-07-30,05:17:05,05:47:54,12:56:17,20:04:05,20:34:48
2020-07-31,05:18:05,05:48:48,12:56:14,20:03:04,20:33:41
2020-08-01,05:19:05,05:49:42,12:56:11,20:02:02,20:32:33
2020-08-02,05:20:05,05:50:37,12:56:07,20:00:58,20:31:24
2020-08-03,05:21:05,05:51:32,12:56:02,19:59:53,20:30:13
2020-08-04,05:22:06,05:52:27,12:55:57,19:58:47,20:29:01
2020-08-05,05:23:07,05:53:22,12:55:51,19:57:39,20:27:47
2020-08-06,05:24:08,05:54:18,12:55:44,19:56:29,20:26:32
2020-08-07,05:25:09,05:55:13,12:55:37,19:55:19,20:25:16
2020-08-08,05:26:10,05:56:09,12:55:30,19:54:07,20:23:59
2020-08-09,05:27:12,05:57:05,12:55:21,19:52:54,20:22:40
2020-08-10,05:28:13,05:58:01,12:55:13,19:51:39,20:21:20
2020-08-11,05:29:14,05:58:57,12:55:03,19:50:24,20:19:59
2020-08-12,05:30:16,05:59:53,12:54:53,19:49:07,20:18:37
2020-08-13,05:31:17,06:00:49,12:54:43,19:47:49,20:17:14
2020-08-14,05:32:19,06:01:45,12:54:31,19:46:30,20:15:50
2020-08-15,05:33:20,06:02:41,12:54:20,19:45:10,20:14:25
2020-08-16,05:34:21,06:03:37,12:54:08,19:43:49,20:12:59
2020-08-17,05:35:22,06:04:33,12:53:55,19:42:27,20:11:32
2020-08-18,05:36:23,06:05:29,12:53:42,19:41:04,20:10:04
2020-08-19,05:37:24,06:06:25,12:53:28,19:39:40,20:08:36
2020-08-20,05:38:25,06:07:21,12:53:14,19:38:15,20:07:06
2020-08-21,05:39:25,06:08:18,12:52:59,19:36:50,20:05:36
2020-08-22,05:40:26,06:09:13,12:52:44,19:35:23,20:04:05
2020-08-23,05:41:26,06:10:09,12:52:29,19:33:56,20:02:33
2020-08-24,05:42:26,06:11:05,12:52:13,19:32:27,20:01:00
2020-08-25,05:43:27,06:12:01,12:51:56,19:30:58,19:59:27
2020-08-26,05:44:26,06:12:57,12:51:40,19:29:29,19:57:53
2020-08-27,05:45:26,06:13:53,12:51:23,19:27:58,19:56:19
2020-08-28,05:46:26,06:14:48,12:51:05,19:26:27,19:54:44
2020-08-29,05:47:25,06:15:44,12:50:47,19:24:56,19:53:09
2020-08-30,05:48:24,06:16:39,12:50:29,19:23:23,19:51:33
2020-08-31,05:49:24,06:17:35,12:50:10,19:21:50,19:49:56
2020-09-01,05:50:22,06:18:30,12:49:51,19:20:17,19:48:19
2020-09-02,05:51:21,06:19:26,12:49:32,19:18:43,19:46:42
2020-09-03,05:52:20,06:20:21,12:49:13,19:17:09,19:45:05
2020-09-04,05:53:18,06:21:17,12:48:53,19:15:34,19:43:27
2020-09-05,05:54:17,06:22:12,12:48:33,19:13:58,19:41:48
2020-09-06,05:55:15,06:23:07,12:48:13,19:12:23,19:40:10
2020-09-07,05:56:13,06:24:02,12:47:53,19:10:46,19:38:31
2020-09-08,05:57:11,06:24:58,12:47:32,19:09:10,19:36:52
2020-09-09,05:58:08,06:25:53,12:47:11,19:07:33,19:35:13
2020-09-10,05:59:06,06:26:48,12:46:51,19:05:56,19:33:34
2020-09-11,06:00:04,06:27:43,12:46:30,19:04:19,19:31:54
2020-09-12,06:01:01,06:28:39,12:46:08,19:02:41,19:30:14
2020-09-13,06:01:58,06:29:34,12:45:47,19:01:04,19:28:35
2020-09-14,06:02:55,06:30:29,12:45:26,18:59:26,19:26:55
2020-09-15,06:03:53,06:31:25,12:45:05,18:57:48,19:25:15
2020-09-16,06:04:50,06:32:20,12:44:43,18:56:09,19:23:36
2020-09-17,06:05:47,06:33:16,12:44:22,18:54:31,19:21:56
2020-09-18,06:06:44,06:34:11,12:44:00,18:52:53,19:20:16
2020-09-19,06:07:41,06:35:07,12:43:39,18:51:15,19:18:37
2020-09-20,06:08:37,06:36:03,12:43:18,18:49:36,19:16:58
2020-09-21,06:09:34,06:36:59,12:42:56,18:47:58,19:15:18
2020-09-22,06:10:31,06:37:55,12:42:35,18:46:20,19:13:39
2020-09-23,06:11:28,06:38:51,12:42:14,18:44:42,19:12:01
2020-09-24,06:12:25,06:39:47,12:41:53,18:43:04,19:10:22
2020-09-25,06:13:22,06:40:43,12:41:32,18:41:26,19:08:44
2020-09-26,06:14:19,06:41:40,12:41:11,18:39:48,19:07:06
2020-09-27,06:15:16,06:42:37,12:40:51,18:38:11,19:05:28
2020-09-28,06:16:13,06:43:34,12:40:31,18:36:33,19:03:51
2020-09-29,06:17:10,06:44:31,12:40:10,18:34:56,19:02:14
2020-09-30,06:18:07,06:45:28,12:39:51,18:33:20,19:00:38
2020-10-01,06:19:04,06:46:26,12:39:31,18:31:43,18:59:02
2020-10-02,06:20:02,06:47:24,12:39:12,18:30:07,18:57:26
2020-10-03,06:20:59,06:48:22,12:38:53,18:28:32,18:55:51
2020-10-04,06:21:57,06:49:20,12:38:34,18:26:56,18:54:17
2020-10-05,06:22:54,06:50:19,12:38:16,18:25:22,18:52:43
2020-10-06,06:23:52,06:51:17,12:37:58,18:23:47,18:51:10
2020-10-07,06:24:50,06:52:17,12:37:40,18:22:14,18:49:37
2020-10-08,06:25:48,06:53:16,12:37:23,18:20:41,18:48:05
2020-10-09,06:26:47,06:54:16,12:37:06,18:19:08,18:46:34
2020-10-10,06:27:45,06:55:16,12:36:50,18:17:36,18:45:04
2020-10-11,06:28:44,06:56:16,12:36:34,18:16:05,18:43:34
2020-10-12,06:29:43,06:57:17,12:36:19,18:14:34,18:42:05
2020-10-13,06:30:42,06:58:17,12:36:04,18:13:04,18:40:37
2020-10-14,06:31:42,06:59:19,12:35:50,18:11:35,18:39:10
2020-10-15,06:32:41,07:00:20,12:35:36,18:10:06,18:37:43
2020-10-16,06:33:41,07:01:22,12:35:23,18:08:39,18:36:18
2020-10-17,06:34:41,07:02:24,12:35:10,18:07:12,18:34:53
2020-10-18,06:35:41,07:03:27,12:34:58,18:05:46,18:33:30
2020-10-19,06:36:42,07:04:30,12:34:47,18:04:21,18:32:07
2020-10-20,06:37:42,07:05:33,12:34:36,18:02:57,18:30:46
2020-10-21,06:38:43,07:06:37,12:34:26,18:01:34,18:29:26
2020-10-22,06:39:45,07:07:41,12:34:16,18:00:12,18:28:07
2020-10-23,06:40:46,07:08:45,12:34:08,17:58:51,18:26:48
2020-10-24,06:41:48,07:09:50,12:34:00,17:57:31,18:25:32
2020-10-25,06:42:50,07:10:55,12:33:52,17:56:13,18:24:16
2020-10-26,06:43:52,07:12:00,12:33:46,17:54:55,18:23:02
2020-10-27,06:44:54,07:13:06,12:33:40,17:53:39,18:21:48
2020-10-28,06:45:57,07:14:11,12:33:35,17:52:24,18:20:37
2020-10-29,06:47:00,07:15:18,12:33:30,17:51:10,18:19:26
2020-10-30,06:48:03,07:16:24,12:33:27,17:49:57,18:18:17
2020-10-31,06:49:06,07:17:31,12:33:24,17:48:46,18:17:10
2020-11-01,06:50:09,07:18:38,12:33:22,17:47:36,18:16:03
2020-11-02,06:51:13,07:19:45,12:33:21,17:46:28,18:14:59
2020-11-03,06:52:16,07:20:52,12:33:21,17:45:21,18:13:55
2020-11-04,06:53:20,07:22:00,12:33:21,17:44:15,18:12:54
2020-11-05,06:54:24,07:23:08,12:33:23,17:43:11,18:11:53
2020-11-06,06:55:28,07:24:16,12:33:25,17:42:09,18:10:55
2020-11-07,06:56:33,07:25:24,12:33:28,17:41:08,18:09:58
2020-11-08,06:57:37,07:26:32,12:33:32,17:40:09,18:09:03
2020-11-09,06:58:41,07:27:40,12:33:37,17:39:11,18:08:09
2020-11-10,06:59:45,07:28:48,12:33:42,17:38:15,18:07:17
2020-11-11,07:00:50,07:29:57,12:33:49,17:37:21,18:06:27
2020-11-12,07:01:54,07:31:05,12:33:56,17:36:29,18:05:39
2020-11-13,07:02:58,07:32:13,12:34:04,17:35:38,18:04:52
2020-11-14,07:04:02,07:33:21,12:34:13,17:34:49,18:04:07
2020-11-15,07:05:06,07:34:29,12:34:23,17:34:02,18:03:24
2020-11-16,07:06:10,07:35:37,12:34:34,17:33:17,18:02:43
2020-11-17,07:07:14,07:36:45,12:34:46,17:32:34,18:02:04
2020-11-18,07:08:17,07:37:52,12:34:58,17:31:52,18:01:27
2020-11-19,07:09:20,07:38:59,12:35:11,17:31:13,18:00:52
2020-11-20,07:10:23,07:40:06,12:35:25,17:30:36,18:00:18
2020-11-21,07:11:25,07:41:12,12:35:40,17:30:00,17:59:47
2020-11-22,07:12:27,07:42:18,12:35:56,17:29:27,17:59:17
2020-11-23,07:13:29,07:43:24,12:36:13,17:28:56,17:58:50
2020-11-24,07:14:30,07:44:29,12:36:30,17:28:26,17:58:24
2020-11-25,07:15:31,07:45:33,12:36:48,17:27:59,17:58:01
2020-11-26,07:16:31,07:46:37,12:37:07,17:27:34,17:57:40
2020-11-27,07:17:31,07:47:40,12:37:26,17:27:11,17:57:20
2020-11-28,07:18:30,07:48:43,12:37:46,17:26:51,17:57:03
2020-11-29,07:19:28,07:49:44,12:38:07,17:26:32,17:56:48
2020-11-30,07:20:25,07:50:45,12:38:29,17:26:16,17:56:35
2020-12-01,07:21:22,07:51:45,12:38:51,17:26:02,17:56:24
2020-12-02,07:22:18,07:52:44,12:39:14,17:25:50,17:56:15
2020-12-03,07:23:13,07:53:42,12:39:38,17:25:40,17:56:08
2020-12-04,07:24:07,07:54:39,12:40:02,17:25:32,17:56:04
2020-12-05,07:25:00,07:55:34,12:40:26,17:25:27,17:56:01
2020-12-06,07:25:52,07:56:29,12:40:51,17:25:24,17:56:01
2020-12-07,07:26:43,07:57:22,12:41:17,17:25:23,17:56:02
2020-12-08,07:27:33,07:58:14,12:41:43,17:25:24,17:56:06
2020-12-09,07:28:21,07:59:05,12:42:10,17:25:28,17:56:11
2020-12-10,07:29:09,07:59:55,12:42:37,17:25:34,17:56:19
2020-12-11,07:29:55,08:00:42,12:43:04,17:25:42,17:56:29
2020-12-12,07:30:40,08:01:29,12:43:32,17:25:52,17:56:41
2020-12-13,07:31:23,08:02:14,12:44:00,17:26:04,17:56:55
2020-12-14,07:32:05,08:02:57,12:44:29,17:26:19,17:57:11
2020-12-15,07:32:46,08:03:39,12:44:58,17:26:35,17:57:28
2020-12-16,07:33:25,08:04:19,12:45:27,17:26:54,17:57:48
2020-12-17,07:34:02,08:04:57,12:45:56,17:27:15,17:58:10
2020-12-18,07:34:38,08:05:34,12:46:25,17:27:38,17:58:34
2020-12-19,07:35:13,08:06:09,12:46:55,17:28:03,17:58:59
2020-12-20,07:35:45,08:06:42,12:47:24,17:28:30,17:59:27
2020-12-21,07:36:16,08:07:13,12:47:54,17:28:59,17:59:56
2020-12-22,07:36:46,08:07:42,12:48:24,17:29:30,18:00:27
2020-12-23,07:37:13,08:08:09,12:48:54,17:30:03,18:01:00
2020-12-24,07:37:39,08:08:35,12:49:23,17:30:38,18:01:34
2020-12-25,07:38:03,08:08:58,12:49:53,17:31:15,18:02:10
2020-12-26,07:38:25,08:09:19,12:50:23,17:31:54,18:02:48
2020-12-27,07:38:45,08:09:38,12:50:52,17:32:34,18:03:28
2020-12-28,07:39:03,08:09:55,12:51:21,17:33:16,18:04:09
2020-12-29,07:39:20,08:10:10,12:51:50,17:34:00,18:04:51
2020-12-30,07:39:34,08:10:23,12:52:19,17:34:46,18:05:35
2020-12-31,07:39:47,08:10:34,12:52:48,17:35:33,18:06:21
2021-01-01,07:39:57,08:10:43,12:53:17,17:36:22,18:07:08
2021-01-02,07:40:05,08:10:49,12:53:45,17:37:12,18:07:56
2021-01-03,07:40:12,08:10:53,12:54:12,17:38:04,18:08:45
2021-01-04,07:40:16,08:10:55,12:54:40,17:38:57,18:09:36
2021-01-05,07:40:19,08:10:55,12:55:07,17:39:51,18:10:28
2021-01-06,07:40:19,08:10:53,12:55:33,17:40:47,18:11:21
2021-01-07,07:40:17,08:10:49,12:55:59,17:41:44,18:12:15
2021-01-08,07:40:13,08:10:42,12:56:25,17:42:42,18:13:11
2021-01-09,07:40:08,08:10:33,12:56:50,17:43:41,18:14:07
2021-01-10,07:40:00,08:10:22,12:57:15,17:44:42,18:15:04
2021-01-11,07:39:50,08:10:09,12:57:39,17:45:43,18:16:03
2021-01-12,07:39:38,08:09:54,12:58:02,17:46:46,18:17:02
2021-01-13,07:39:24,08:09:36,12:58:25,17:47:49,18:18:02
2021-01-14,07:39:08,08:09:16,12:58:47,17:48:53,18:19:02
2021-01-15,07:38:50,08:08:55,12:59:09,17:49:58,18:20:04
2021-01-16,07:38:29,08:08:31,12:59:30,17:51:04,18:21:06
2021-01-17,07:38:07,08:08:05,12:59:50,17:52:10,18:22:09
2021-01-18,07:37:43,08:07:37,13:00:10,17:53:17,18:23:12
2021-01-19,07:37:17,08:07:07,13:00:28,17:54:25,18:24:16
2021-01-20,07:36:49,08:06:35,13:00:47,17:55:33,18:25:20
2021-01-21,07:36:19,08:06:01,13:01:04,17:56:42,18:26:25
2021-01-22,07:35:47,08:05:25,13:01:20,17:57:51,18:27:30
2021-01-23,07:35:13,08:04:47,13:01:36,17:59:01,18:28:36
2021-01-24,07:34:37,08:04:07,13:01:51,18:00:11,18:29:42
2021-01-25,07:33:59,08:03:25,13:02:06,18:01:21,18:30:48
2021-01-26,07:33:19,08:02:41,13:02:19,18:02:32,18:31:54
2021-01-27,07:32:38,08:01:55,13:02:32,18:03:42,18:33:01
2021-01-28,07:31:54,08:01:08,13:02:44,18:04:53,18:34:08
2021-01-29,07:31:09,08:00:19,13:02:55,18:06:05,18:35:15
2021-01-30,07:30:22,07:59:28,13:03:05,18:07:16,18:36:22
2021-01-31,07:29:34,07:58:35,13:03:14,18:08:27,18:37:29
2021-02-01,07:28:43,07:57:40,13:03:23,18:09:39,18:38:37
2021-02-02,07:27:51,07:56:44,13:03:31,18:10:50,18:39:44
2021-02-03,07:26:57,07:55:47,13:03:38,18:12:01,18:40:52
2021-02-04,07:26:02,07:54:47,13:03:44,18:13:13,18:41:59
2021-02-05,07:25:05,07:53:46,13:03:49,18:14:24,18:43:06
2021-02-06,07:24:07,07:52:44,13:03:54,18:15:35,18:44:14
2021-02-07,07:23:06,07:51:40,13:03:57,18:16:46,18:45:21
2021-02-08,07:22:05,07:50:34,13:04:00,18:17:57,18:46:28
2021-02-09,07:21:02,07:49:28,13:04:02,18:19:08,18:47:35
2021-02-10,07:19:57,07:48:19,13:04:03,18:20:18,18:48:42
2021-02-11,07:18:51,07:47:10,13:04:04,18:21:29,18:49:49
2021-02-12,07:17:43,07:45:59,13:04:04,18:22:39,18:50:56
2021-02-13,07:16:35,07:44:46,13:04:03,18:23:49,18:52:02
2021-02-14,07:15:24,07:43:33,13:04:01,18:24:58,18:53:09
2021-02-15,07:14:13,07:42:18,13:03:58,18:26:08,18:54:15
2021-02-16,07:13:00,07:41:02,13:03:55,18:27:17,18:55:21
2021-02-17,07:11:46,07:39:45,13:03:51,18:28:26,18:56:26
2021-02-18,07:10:31,07:38:27,13:03:46,18:29:34,18:57:32
2021-02-19,07:09:15,07:37:08,13:03:41,18:30:42,18:58:37
2021-02-20,07:07:57,07:35:47,13:03:35,18:31:50,18:59:43
2021-02-21,07:06:38,07:34:26,13:03:28,18:32:58,19:00:48
2021-02-22,07:05:19,07:33:04,13:03:21,18:34:05,19:01:52
2021-02-23,07:03:58,07:31:40,13:03:13,18:35:12,19:02:57
2021-02-24,07:02:36,07:30:16,13:03:04,18:36:19,19:04:01
2021-02-25,07:01:13,07:28:51,13:02:55,18:37:25,19:05:05
2021-02-26,06:59:50,07:27:25,13:02:45,18:38:31,19:06:09
2021-02-27,06:58:25,07:25:59,13:02:35,18:39:37,19:07:13
2021-02-28,06:56:59,07:24:31,13:02:24,18:40:42,19:08:17
2021-03-01,06:55:33,07:23:03,13:02:12,18:41:47,19:09:20
2021-03-02,06:54:06,07:21:34,13:02:00,18:42:52,19:10:23
2021-03-03,06:52:38,07:20:05,13:01:48,18:43:57,19:11:26
2021-03-04,06:51:09,07:18:34,13:01:35,18:45:01,19:12:29
2021-03-05,06:49:40,07:17:04,13:01:22,18:46:05,19:13:32
2021-03-06,06:48:09,07:15:32,13:01:08,18:47:09,19:14:34
2021-03-07,06:46:39,07:14:00,13:00:54,18:48:12,19:15:37
2021-03-08,06:45:07,07:12:28,13:00:39,18:49:15,19:16:39
2021-03-09,06:43:35,07:10:55,13:00:24,18:50:18,19:17:41
2021-03-10,06:42:02,07:09:22,13:00:09,18:51:21,19:18:43
2021-03-11,06:40:29,07:07:48,12:59:53,18:52:23,19:19:45
2021-03-12,06:38:56,07:06:14,12:59:37,18:53:25,19:20:47
2021-03-13,06:37:21,07:04:39,12:59:21,18:54:27,19:21:49
2021-03-14,06:35:47,07:03:05,12:59:05,18:55:29,19:22:50
2021-03-15,06:34:12,07:01:30,12:58:48,18:56:30,19:23:52
2021-03-16,06:32:36,06:59:54,12:58:31,18:57:32,19:24:53
2021-03-17,06:31:01,06:58:19,12:58:14,18:58:33,19:25:55
2021-03-18,06:29:25,06:56:43,12:57:56,18:59:34,19:26:56
2021-03-19,06:27:48,06:55:07,12:57:39,19:00:35,19:27:58
2021-03-20,06:26:12,06:53:31,12:57:21,19:01:35,19:28:59
2021-03-21,06:24:35,06:51:55,12:57:03,19:02:36,19:30:00
2021-03-22,06:22:58,06:50:19,12:56:46,19:03:36,19:31:02
2021-03-23,06:21:21,06:48:43,12:56:28,19:04:37,19:32:03
2021-03-24,06:19:43,06:47:07,12:56:09,19:05:37,19:33:05
2021-03-25,06:18:06,06:45:30,12:55:51,19:06:37,19:34:06
2021-03-26,06:16:28,06:43:54,12:55:33,19:07:37,19:35:08
2021-03-27,06:14:50,06:42:18,12:55:15,19:08:37,19:36:09
2021-03-28,06:13:13,06:40:42,12:54:57,19:09:37,19:37:11
2021-03-29,06:11:35,06:39:06,12:54:39,19:10:37,19:38:12
2021-03-30,06:09:58,06:37:31,12:54:21,19:11:36,19:39:14
2021-03-31,06:08:20,06:35:55,12:54:03,19:12:36,19:40:16
2021-04-01,06:06:43,06:34:20,12:53:45,19:13:36,19:41:18
2021-04-02,06:05:05,06:32:45,12:53:27,19:14:35,19:42:20
2021-04-03,06:03:28,06:31:11,12:53:10,19:15:35,19:43:22
2021-04-04,06:01:51,06:29:36,12:52:52,19:16:35,19:44:25
2021-04-05,06:00:15,06:28:02,12:52:35,19:17:34,19:45:27
2021-04-06,05:58:38,06:26:29,12:52:18,19:18:34,19:46:30
2021-04-07,05:57:02,06:24:55,12:52:01,19:19:34,19:47:32
2021-04-08,05:55:26,06:23:23,12:51:45,19:20:33,19:48:35
2021-04-09,05:53:51,06:21:50,12:51:28,19:21:33,19:49:38
2021-04-10,05:52:15,06:20:19,12:51:12,19:22:33,19:50:41
2021-04-11,05:50:41,06:18:47,12:50:56,19:23:32,19:51:44
2021-04-12,05:49:06,06:17:17,12:50:40,19:24:32,19:52:48
2021-04-13,05:47:33,06:15:46,12:50:25,19:25:32,19:53:51
2021-04-14,05:45:59,06:14:17,12:50:10,19:26:32,19:54:55
2021-04-15,05:44:26,06:12:48,12:49:55,19:27:31,19:55:59
2021-04-16,05:42:54,06:11:20,12:49:41,19:28:31,19:57:03
2021-04-17,05:41:23,06:09:52,12:49:27,19:29:31,19:58:07
2021-04-18,05:39:52,06:08:26,12:49:14,19:30:31,19:59:11
2021-04-19,05:38:21,06:07:00,12:49:00,19:31:31,20:00:15
2021-04-20,05:36:52,06:05:35,12:48:48,19:32:31,20:01:20
2021-04-21,05:35:23,06:04:10,12:48:35,19:33:31,20:02:24
2021-04-22,05:33:55,06:02:47,12:48:24,19:34:30,20:03:29
2021-04-23,05:32:27,06:01:24,12:48:12,19:35:30,20:04:34
2021-04-24,05:31:01,06:00:03,12:48:01,19:36:30,20:05:38
2021-04-25,05:29:35,05:58:42,12:47:51,19:37:30,20:06:43
2021-04-26,05:28:10,05:57:22,12:47:41,19:38:30,20:07:48
2021-04-27,05:26:47,05:56:04,12:47:31,19:39:30,20:08:53
2021-04-28,05:25:24,05:54:46,12:47:22,19:40:29,20:09:58
2021-04-29,05:24:02,05:53:29,12:47:13,19:41:29,20:11:03
2021-04-30,05:22:41,05:52:14,12:47:05,19:42:29,20:12:08
2021-05-01,05:21:22,05:51:00,12:46:58,19:43:28,20:13:13
2021-05-02,05:20:03,05:49:47,12:46:51,19:44:28,20:14:18
2021-05-03,05:18:46,05:48:35,12:46:45,19:45:27,20:15:22
2021-05-04,05:17:29,05:47:24,12:46:39,19:46:26,20:16:27
2021-05-05,05:16:14,05:46:15,12:46:33,19:47:25,20:17:32
2021-05-06,05:15:01,05:45:07,12:46:29,19:48:24,20:18:36
2021-05-07,05:13:48,05:44:00,12:46:24,19:49:22,20:19:40
2021-05-08,05:12:37,05:42:54,12:46:21,19:50:20,20:20:44
2021-05-09,05:11:27,05:41:50,12:46:18,19:51:18,20:21:48
2021-05-10,05:10:19,05:40:48,12:46:15,19:52:16,20:22:51
2021-05-11,05:09:12,05:39:46,12:46:13,19:53:13,20:23:54
2021-05-12,05:08:07,05:38:47,12:46:12,19:54:10,20:24:57
2021-05-13,05:07:03,05:37:49,12:46:11,19:55:07,20:26:00
2021-05-14,05:06:00,05:36:52,12:46:11,19:56:03,20:27:02
2021-05-15,05:04:59,05:35:57,12:46:11,19:56:59,20:28:03
2021-05-16,05:04:00,05:35:03,12:46:12,19:57:54,20:29:04
2021-05-17,05:03:02,05:34:11,12:46:14,19:58:49,20:30:04
2021-05-18,05:02:06,05:33:21,12:46:16,19:59:44,20:31:04
2021-05-19,05:01:12,05:32:32,12:46:19,20:00:37,20:32:04
2021-05-20,05:00:19,05:31:45,12:46:22,20:01:30,20:33:02
2021-05-21,04:59:29,05:31:00,12:46:25,20:02:23,20:34:00
2021-05-22,04:58:40,05:30:16,12:46:30,20:03:15,20:34:57
2021-05-23,04:57:52,05:29:35,12:46:34,20:04:06,20:35:53
2021-05-24,04:57:07,05:28:54,12:46:40,20:04:56,20:36:49
2021-05-25,04:56:24,05:28:16,12:46:45,20:05:45,20:37:43
2021-05-26,04:55:42,05:27:40,12:46:52,20:06:34,20:38:37
2021-05-27,04:55:02,05:27:05,12:46:58,20:07:22,20:39:30
2021-05-28,04:54:25,05:26:32,12:47:06,20:08:09,20:40:21
2021-05-29,04:53:49,05:26:01,12:47:13,20:08:54,20:41:12
2021-05-30,04:53:15,05:25:32,12:47:21,20:09:39,20:42:01
2021-05-31,04:52:44,05:25:05,12:47:30,20:10:23,20:42:49
2021-06-01,04:52:14,05:24:39,12:47:39,20:11:06,20:43:36
2021-06-02,04:51:46,05:24:16,12:47:48,20:11:47,20:44:21
2021-06-03,04:51:21,05:23:54,12:47:58,20:12:28,20:45:06
2021-06-04,04:50:57,05:23:35,12:48:08,20:13:07,20:45:48
2021-06-05,04:50:36,05:23:17,12:48:18,20:13:45,20:46:30
2021-06-06,04:50:16,05:23:01,12:48:29,20:14:21,20:47:10
2021-06-07,04:49:59,05:22:47,12:48:40,20:14:57,20:47:48
2021-06-08,04:49:44,05:22:35,12:48:51,20:15:31,20:48:25
2021-06-09,04:49:31,05:22:25,12:49:03,20:16:03,20:49:00
2021-06-10,04:49:20,05:22:17,12:49:15,20:16:34,20:49:34
2021-06-11,04:49:11,05:22:11,12:49:27,20:17:04,20:50:05
2021-06-12,04:49:04,05:22:06,12:49:39,20:17:32,20:50:36
2021-06-13,04:49:00,05:22:04,12:49:52,20:17:58,20:51:04
2021-06-14,04:48:57,05:22:03,12:50:04,20:18:23,20:51:30
2021-06-15,04:48:57,05:22:04,12:50:17,20:18:46,20:51:55
2021-06-16,04:48:59,05:22:07,12:50:30,20:19:08,20:52:18
2021-06-17,04:49:03,05:22:12,12:50:43,20:19:28,20:52:38
2021-06-18,04:49:08,05:22:19,12:50:56,20:19:46,20:52:57
2021-06-19,04:49:16,05:22:28,12:51:09,20:20:03,20:53:14
2021-06-20,04:49:26,05:22:38,12:51:22,20:20:17,20:53:29
2021-06-21,04:49:38,05:22:50,12:51:35,20:20:30,20:53:42
2021-06-22,04:49:52,05:23:04,12:51:48,20:20:41,20:53:53
2021-06-23,04:50:08,05:23:19,12:52:01,20:20:51,20:54:01
2021-06-24,04:50:26,05:23:37,12:52:14,20:20:58,20:54:08
2021-06-25,04:50:45,05:23:55,12:52:27,20:21:04,20:54:13
2021-06-26,04:51:07,05:24:16,12:52:39,20:21:07,20:54:15
2021-06-27,04:51:30,05:24:38,12:52:52,20:21:09,20:54:15
2021-06-28,04:51:55,05:25:02,12:53:04,20:21:09,20:54:13
2021-06-29,04:52:22,05:25:27,12:53:16,20:21:07,20:54:09
2021-06-30,04:52:51,05:25:54,12:53:28,20:21:03,20:54:03
2021-07-01,04:53:21,05:26:22,12:53:40,20:20:57,20:53:55
2021-07-02,04:53:53,05:26:52,12:53:52,20:20:49,20:53:44
2021-07-03,04:54:27,05:27:23,12:54:03,20:20:39,20:53:32
2021-07-04,04:55:02,05:27:55,12:54:14,20:20:27,20:53:17
2021-07-05,04:55:39,05:28:29,12:54:24,20:20:13,20:53:00
2021-07-06,04:56:17,05:29:04,12:54:34,20:19:58,20:52:41
2021-07-07,04:56:57,05:29:40,12:54:44,20:19:40,20:52:19
2021-07-08,04:57:37,05:30:17,12:54:54,20:19:20,20:51:56
2021-07-09,04:58:20,05:30:56,12:55:03,20:18:59,20:51:31
2021-07-10,04:59:03,05:31:35,12:55:12,20:18:35,20:51:03
2021-07-11,04:59:48,05:32:16,12:55:20,20:18:10,20:50:33
2021-07-12,05:00:34,05:32:58,12:55:28,20:17:42,20:50:01
2021-07-13,05:01:21,05:33:41,12:55:35,20:17:13,20:49:28
2021-07-14,05:02:09,05:34:24,12:55:42,20:16:42,20:48:52
2021-07-15,05:02:59,05:35:09,12:55:48,20:16:09,20:48:14
2021-07-16,05:03:49,05:35:55,12:55:54,20:15:34,20:47:34
2021-07-17,05:04:40,05:36:41,12:56:00,20:14:57,20:46:52
2021-07-18,05:05:32,05:37:28,12:56:04,20:14:18,20:46:09
2021-07-19,05:06:25,05:38:16,12:56:09,20:13:38,20:45:23
2021-07-20,05:07:19,05:39:04,12:56:12,20:12:56,20:44:36
2021-07-21,05:08:13,05:39:54,12:56:16,20:12:12,20:43:46
2021-07-22,05:09:09,05:40:44,12:56:18,20:11:26,20:42:55
2021-07-23,05:10:04,05:41:34,12:56:20,20:10:39,20:42:02
2021-07-24,05:11:01,05:42:25,12:56:22,20:09:49,20:41:07
2021-07-25,05:11:58,05:43:17,12:56:23,20:08:59,20:40:11
2021-07-26,05:12:56,05:44:09,12:56:23,20:08:06,20:39:13
2021-07-27,05:13:54,05:45:01,12:56:23,20:07:12,20:38:13
2021-07-28,05:14:52,05:45:54,12:56:22,20:06:16,20:37:12
2021-07-29,05:15:51,05:46:47,12:56:20,20:05:19,20:36:09
2021-07-30,05:16:50,05:47:41,12:56:18,20:04:20,20:35:04
2021-07-31,05:17:50,05:48:35,12:56:15,20:03:19,20:33:58
2021-08-01,05:18:50,05:49:29,12:56:12,20:02:17,20:32:50
2021-08-02,05:19:50,05:50:24,12:56:08,20:01:14,20:31:41
2021-08-03,05:20:51,05:51:19,12:56:04,20:00:09,20:30:31
2021-08-04,05:21:52,05:52:14,12:55:58,19:59:03,20:29:19
2021-08-05,05:22:52,05:53:09,12:55:53,19:57:55,20:28:05
2021-08-06,05:23:53,05:54:04,12:55:46,19:56:46,20:26:51
2021-08-07,05:24:55,05:55:00,12:55:39,19:55:36,20:25:35
2021-08-08,05:25:56,05:55:56,12:55:32,19:54:25,20:24:18
2021-08-09,05:26:57,05:56:51,12:55:24,19:53:12,20:22:59
2021-08-10,05:27:58,05:57:47,12:55:15,19:51:58,20:21:40
2021-08-11,05:29:00,05:58:43,12:55:06,19:50:42,20:20:19
2021-08-12,05:30:01,05:59:39,12:54:56,19:49:26,20:18:58
2021-08-13,05:31:02,06:00:35,12:54:45,19:48:08,20:17:35
2021-08-14,05:32:04,06:01:31,12:54:34,19:46:50,20:16:11
2021-08-15,05:33:05,06:02:28,12:54:23,19:45:30,20:14:46
2021-08-16,05:34:06,06:03:24,12:54:11,19:44:09,20:13:20
2021-08-17,05:35:07,06:04:20,12:53:58,19:42:47,20:11:53
2021-08-18,05:36:08,06:05:16,12:53:45,19:41:25,20:10:26
2021-08-19,05:37:09,06:06:12,12:53:32,19:40:01,20:08:57
2021-08-20,05:38:10,06:07:08,12:53:18,19:38:36,20:07:28
2021-08-21,05:39:11,06:08:04,12:53:03,19:37:11,20:05:58
2021-08-22,05:40:11,06:09:00,12:52:48,19:35:44,20:04:27
2021-08-23,05:41:12,06:09:56,12:52:33,19:34:17,20:02:55
2021-08-24,05:42:12,06:10:52,12:52:17,19:32:49,20:01:23
2021-08-25,05:43:12,06:11:48,12:52:01,19:31:20,19:59:50
2021-08-26,05:44:12,06:12:44,12:51:44,19:29:51,19:58:16
2021-08-27,05:45:12,06:13:39,12:51:27,19:28:20,19:56:42
2021-08-28,05:46:11,06:14:35,12:51:09,19:26:49,19:55:07
2021-08-29,05:47:11,06:15:31,12:50:52,19:25:18,19:53:32
2021-08-30,05:48:10,06:16:26,12:50:33,19:23:46,19:51:56
2021-08-31,05:49:09,06:17:22,12:50:15,19:22:13,19:50:20
2021-09-01,05:50:08,06:18:17,12:49:56,19:20:40,19:48:43
2021-09-02,05:51:07,06:19:13,12:49:37,19:19:06,19:47:06
2021-09-03,05:52:06,06:20:08,12:49:18,19:17:32,19:45:28
2021-09-04,05:53:04,06:21:03,12:48:58,19:15:57,19:43:50
2021-09-05,05:54:03,06:21:59,12:48:38,19:14:21,19:42:12
2021-09-06,05:55:01,06:22:54,12:48:18,19:12:46,19:40:34
2021-09-07,05:55:59,06:23:49,12:47:58,19:11:10,19:38:55
2021-09-08,05:56:57,06:24:44,12:47:37,19:09:33,19:37:16
2021-09-09,05:57:55,06:25:40,12:47:17,19:07:57,19:35:37
2021-09-10,05:58:52,06:26:35,12:46:56,19:06:20,19:33:58
2021-09-11,05:59:50,06:27:30,12:46:35,19:04:43,19:32:18
2021-09-12,06:00:47,06:28:25,12:46:14,19:03:05,19:30:39
2021-09-13,06:01:45,06:29:21,12:45:52,19:01:27,19:28:59
2021-09-14,06:02:42,06:30:16,12:45:31,18:59:49,19:27:19
2021-09-15,06:03:39,06:31:11,12:45:10,18:58:11,19:25:40
2021-09-16,06:04:36,06:32:07,12:44:48,18:56:33,19:24:00
2021-09-17,06:05:33,06:33:02,12:44:27,18:54:55,19:22:20
2021-09-18,06:06:30,06:33:58,12:44:06,18:53:17,19:20:41
2021-09-19,06:07:27,06:34:54,12:43:44,18:51:38,19:19:01
2021-09-20,06:08:24,06:35:49,12:43:23,18:50:00,19:17:22
2021-09-21,06:09:21,06:36:45,12:43:01,18:48:22,19:15:42
2021-09-22,06:10:17,06:37:41,12:42:40,18:46:44,19:14:03
2021-09-23,06:11:14,06:38:37,12:42:19,18:45:05,19:12:24
2021-09-24,06:12:11,06:39:33,12:41:58,18:43:27,19:10:46
2021-09-25,06:13:08,06:40:30,12:41:37,18:41:49,19:09:08
2021-09-26,06:14:05,06:41:26,12:41:16,18:40:12,19:07:30
2021-09-27,06:15:02,06:42:23,12:40:56,18:38:34,19:05:52
2021-09-28,06:15:59,06:43:20,12:40:35,18:36:57,19:04:14
2021-09-29,06:16:56,06:44:17,12:40:15,18:35:20,19:02:38
2021-09-30,06:17:53,06:45:14,12:39:55,18:33:43,19:01:01
2021-10-01,06:18:50,06:46:12,12:39:36,18:32:07,18:59:25
2021-10-02,06:19:48,06:47:10,12:39:16,18:30:30,18:57:49
2021-10-03,06:20:45,06:48:08,12:38:57,18:28:55,18:56:14
2021-10-04,06:21:43,06:49:06,12:38:39,18:27:19,18:54:40
2021-10-05,06:22:40,06:50:04,12:38:20,18:25:45,18:53:06
2021-10-06,06:23:38,06:51:03,12:38:02,18:24:10,18:51:32
2021-10-07,06:24:36,06:52:02,12:37:44,18:22:36,18:50:00
2021-10-08,06:25:34,06:53:02,12:37:27,18:21:03,18:48:27
2021-10-09,06:26:33,06:54:01,12:37:10,18:19:30,18:46:56
2021-10-10,06:27:31,06:55:01,12:36:54,18:17:58,18:45:25
2021-10-11,06:28:30,06:56:01,12:36:38,18:16:27,18:43:55
2021-10-12,06:29:29,06:57:02,12:36:22,18:14:56,18:42:26
2021-10-13,06:30:28,06:58:03,12:36:07,18:13:26,18:40:58
2021-10-14,06:31:27,06:59:04,12:35:53,18:11:56,18:39:31
2021-10-15,06:32:27,07:00:05,12:35:39,18:10:28,18:38:04
2021-10-16,06:33:27,07:01:07,12:35:26,18:09:00,18:36:38
2021-10-17,06:34:26,07:02:09,12:35:13,18:07:33,18:35:14
2021-10-18,06:35:27,07:03:12,12:35:01,18:06:07,18:33:50
2021-10-19,06:36:27,07:04:15,12:34:49,18:04:42,18:32:27
2021-10-20,06:37:28,07:05:18,12:34:38,18:03:17,18:31:06
2021-10-21,06:38:29,07:06:22,12:34:28,18:01:54,18:29:45
2021-10-22,06:39:30,07:07:25,12:34:19,18:00:32,18:28:25
2021-10-23,06:40:31,07:08:30,12:34:10,17:59:11,18:27:07
2021-10-24,06:41:33,07:09:34,12:34:01,17:57:51,18:25:50
2021-10-25,06:42:35,07:10:39,12:33:54,17:56:32,18:24:34
2021-10-26,06:43:37,07:11:44,12:33:47,17:55:14,18:23:19
2021-10-27,06:44:39,07:12:50,12:33:41,17:53:57,18:22:06
2021-10-28,06:45:42,07:13:55,12:33:36,17:52:42,18:20:54
2021-10-29,06:46:44,07:15:02,12:33:31,17:51:27,18:19:43
2021-10-30,06:47:47,07:16:08,12:33:28,17:50:15,18:18:34
2021-10-31,06:48:51,07:17:15,12:33:25,17:49:03,18:17:26
2021-11-01,06:49:54,07:18:21,12:33:22,17:47:53,18:16:19
2021-11-02,06:50:57,07:19:29,12:33:21,17:46:44,18:15:14
2021-11-03,06:52:01,07:20:36,12:33:21,17:45:37,18:14:10
2021-11-04,06:53:05,07:21:44,12:33:21,17:44:31,18:13:08
2021-11-05,06:54:09,07:22:51,12:33:22,17:43:27,18:12:08
2021-11-06,06:55:13,07:23:59,12:33:24,17:42:24,18:11:09
2021-11-07,06:56:17,07:25:07,12:33:27,17:41:22,18:10:11
2021-11-08,06:57:21,07:26:15,12:33:31,17:40:23,18:09:16
2021-11-09,06:58:25,07:27:24,12:33:35,17:39:25,18:08:22
2021-11-10,06:59:30,07:28:32,12:33:41,17:38:28,18:07:29
2021-11-11,07:00:34,07:29:40,12:33:47,17:37:34,18:06:39
2021-11-12,07:01:38,07:30:48,12:33:54,17:36:41,18:05:50
2021-11-13,07:02:43,07:31:57,12:34:02,17:35:50,18:05:03
2021-11-14,07:03:47,07:33:05,12:34:11,17:35:01,18:04:18
2021-11-15,07:04:51,07:34:13,12:34:21,17:34:13,18:03:34
2021-11-16,07:05:54,07:35:21,12:34:31,17:33:27,18:02:53
2021-11-17,07:06:58,07:36:28,12:34:43,17:32:44,18:02:13
2021-11-18,07:08:02,07:37:36,12:34:55,17:32:02,18:01:36
2021-11-19,07:09:05,07:38:43,12:35:08,17:31:22,18:01:00
2021-11-20,07:10:08,07:39:50,12:35:22,17:30:44,18:00:26
2021-11-21,07:11:10,07:40:56,12:35:36,17:30:08,17:59:54
2021-11-22,07:12:12,07:42:03,12:35:52,17:29:35,17:59:24
2021-11-23,07:13:14,07:43:08,12:36:08,17:29:03,17:58:56
2021-11-24,07:14:16,07:44:13,12:36:25,17:28:33,17:58:30
2021-11-25,07:15:16,07:45:18,12:36:43,17:28:05,17:58:06
2021-11-26,07:16:17,07:46:22,12:37:02,17:27:40,17:57:44
2021-11-27,07:17:16,07:47:25,12:37:21,17:27:17,17:57:25
2021-11-28,07:18:15,07:48:28,12:37:41,17:26:55,17:57:07
2021-11-29,07:19:14,07:49:29,12:38:02,17:26:36,17:56:51
2021-11-30,07:20:11,07:50:30,12:38:24,17:26:19,17:56:38
2021-12-01,07:21:08,07:51:30,12:38:46,17:26:05,17:56:26
2021-12-02,07:22:04,07:52:30,12:39:08,17:25:52,17:56:17
2021-12-03,07:23:00,07:53:28,12:39:32,17:25:42,17:56:09
2021-12-04,07:23:54,07:54:25,12:39:56,17:25:34,17:56:04
2021-12-05,07:24:47,07:55:21,12:40:20,17:25:28,17:56:01
2021-12-06,07:25:39,07:56:16,12:40:45,17:25:24,17:56:00
2021-12-07,07:26:31,07:57:09,12:41:11,17:25:23,17:56:01
2021-12-08,07:27:21,07:58:02,12:41:37,17:25:23,17:56:04
2021-12-09,07:28:10,07:58:53,12:42:03,17:25:26,17:56:10
2021-12-10,07:28:57,07:59:43,12:42:30,17:25:32,17:56:17
2021-12-11,07:29:44,08:00:31,12:42:58,17:25:39,17:56:26
2021-12-12,07:30:29,08:01:18,12:43:25,17:25:49,17:56:38
2021-12-13,07:31:13,08:02:03,12:43:53,17:26:01,17:56:51
2021-12-14,07:31:55,08:02:47,12:44:22,17:26:15,17:57:06
2021-12-15,07:32:36,08:03:29,12:44:51,17:26:31,17:57:24
2021-12-16,07:33:15,08:04:10,12:45:19,17:26:49,17:57:43
2021-12-17,07:33:53,08:04:48,12:45:49,17:27:09,17:58:04
2021-12-18,07:34:30,08:05:25,12:46:18,17:27:32,17:58:27
2021-12-19,07:35:05,08:06:01,12:46:47,17:27:57,17:58:53
2021-12-20,07:35:38,08:06:34,12:47:17,17:28:23,17:59:20
2021-12-21,07:36:09,08:07:06,12:47:47,17:28:52,17:59:48
2021-12-22,07:36:39,08:07:35,12:48:16,17:29:22,18:00:19
2021-12-23,07:37:07,08:08:03,12:48:46,17:29:55,18:00:51
2021-12-24,07:37:33,08:08:29,12:49:16,17:30:29,18:01:25
2021-12-25,07:37:57,08:08:52,12:49:46,17:31:06,18:02:01
2021-12-26,07:38:20,08:09:14,12:50:15,17:31:44,18:02:39
2021-12-27,07:38:40,08:09:34,12:50:45,17:32:24,18:03:18
2021-12-28,07:38:59,08:09:51,12:51:14,17:33:06,18:03:58
2021-12-29,07:39:16,08:10:07,12:51:43,17:33:49,18:04:40
2021-12-30,07:39:31,08:10:20,12:52:12,17:34:34,18:05:24
2021-12-31,07:39:44,08:10:32,12:52:41,17:35:21,18:06:09
